"Variable","Media","Mediana","SD","Min","Max"
"480728.00599999999",495666.618953846,488985.671,172916.40183373,133966.902,951216.164
"118683.8",151393.944615385,138599.3,57990.6474712061,32825.3,275218.1
"16585.183000000001",17353.7550923077,17216.342,6115.3999079795,3825.748,31968.976
"13",6.29230769230769,6,2.65590778338521,1,16
