"Variable","Media","Mediana","SD","Min","Max"
"23662",18664.321799308,17645,6846.06435070562,3826,44740
