"Variable","Media","Mediana","SD","Min","Max"
"182",150.214750542299,122,98.2649893389024,37,664
